No,Runner ID,Runner Name
001,HOP-358,愛很簡單小宇宙
002,TOF-942,城市探險不說出口
003,LUV-726,簡單愛和豆花旅人
004,WAV-612,七里香小火車
005,FLY-609,陰天與小宇宙
006,RUN-439,愛很簡單慢跑王
007,LUV-897,豆花號黑色幽默
008,TOF-331,盛夏光年跑跑日記
009,JAZ-304,星空和星球計畫
010,LUV-178,親愛的你的浪漫探測器
011,BEE-436,你是我的花朵與慢跑王
012,FLY-181,慢跑王溫柔
013,MOO-742,慢跑王星空
014,WOW-642,獨家記憶和散步指南
015,ICE-353,彩虹旅人心太軟
016,JOY-855,一個人散步指南
017,ABC-153,孤單北半球草莓塔
018,BEE-466,慢跑王聽海
019,ICE-676,孤單北半球與三輪車
020,FLY-808,豆花旅人親愛的你
021,ICE-194,衝浪隊星晴
022,WOW-934,勇氣彩虹旅人
023,ABC-913,藍蓮花豆花旅人
024,MIL-108,簡單愛與跑跑日記
025,DMT-984,紅豆衝浪隊
026,MIX-975,冰淇淋一個人
027,TOF-890,你是我的花朵流浪記
028,OMG-125,獨家記憶和冰淇淋
029,YAY-488,後來和浪漫探測器
030,ZEN-601,突然好想你的小火車
031,POP-736,勇氣與城市探險
032,LOL-564,盛夏光年與飯糰
033,CBD-136,星晴微糖宇航員
034,EPS-192,親愛的你仙人掌
035,WAV-185,聽海流浪記
036,WAV-493,星球計畫曖昧
037,LUV-811,我願意與小宇宙
038,JAZ-357,曖昧與跑跑日記
039,SUN-298,龍捲風和香蕉船
040,POP-867,倔強和散步指南
041,JOY-989,黑色幽默和散步指南
042,FLY-823,跑跑日記天天想你
043,WAV-205,豆花旅人騎士精神
044,WOW-900,獨家記憶和小宇宙
045,LUV-719,慢冷的三輪車
046,JAZ-837,慢冷和慢跑王
047,FLY-230,龍捲風與流浪記
048,ABC-794,倔強和微糖宇航員
049,JOY-188,跑跑日記天天想你
050,MOO-762,三輪車七里香
051,BEE-963,衝浪隊騎士精神
052,HOP-645,最初的地方夜跑部
053,DMT-132,紅豆豆花旅人
054,WOW-903,電音列車黑色幽默
055,DOG-944,陰天的豆花號
056,CBD-146,微糖宇航員星空
057,ICE-831,最初的地方與流浪記
058,TOF-654,微糖宇航員後來
059,SUN-580,小宇宙心太軟
060,RAM-546,後來和散步指南
061,JAZ-670,盛夏光年的散步指南
062,TOF-904,天天想你與草莓塔
063,SUN-759,聽海和小宇宙
064,SKY-903,小火車浪人情歌
065,HOP-331,愛情轉移的香蕉船
066,FLY-371,星球計畫倔強
067,LOL-604,簡單愛浪漫探測器
068,POP-701,小火車最初的地方
069,RUN-109,彩虹旅人曖昧
070,ZEN-633,電音列車倔強
071,MIL-509,海豚號親愛的你
072,HOP-982,香蕉船溫柔
073,POP-491,散步指南愛情轉移
074,JAZ-667,電音列車聽海
075,EPS-708,城市探險天天想你
076,ICE-991,小幸運的海豚號
077,RAM-178,奶茶騎士紅豆
078,WAV-372,香蕉船不說出口
079,OMG-226,小幸運浪漫探測器
080,RUN-149,彩虹旅人孤單北半球
081,SUN-465,海豚號你是我的花朵
082,YAY-908,流浪記一個人
083,ZEN-813,星晴的衝浪隊
084,ICE-748,聽海冰淇淋
085,BEE-753,三輪車慢冷
086,DMT-725,聽海飯糰
087,EPS-159,衝浪隊挪威的森林
088,MNG-515,溫柔跑跑日記
089,ICE-471,倔強和冰淇淋
090,ABC-778,後來的浪漫探測器
091,RUN-948,小宇宙星空
092,SKY-411,獨家記憶和微糖宇航員
093,CBD-634,盛夏光年與香蕉船
094,MIL-774,藍蓮花冰淇淋
095,LUV-591,微糖宇航員小幸運
096,BEE-520,慢冷星球計畫
097,SKY-272,草莓塔不說出口
098,BEA-390,突然好想你與奶茶騎士
099,SUN-588,微糖宇航員旅行的意義
100,BEA-918,星晴三輪車
101,LUV-355,星晴夜跑部
102,TOF-847,聽海與冰淇淋
103,MIL-899,城市探險簡單愛
104,BEA-882,草莓塔不說出口
105,POP-708,後來衝浪隊
106,JOY-595,勇氣豆花旅人
107,EPS-935,可愛女人三輪車
108,EPS-474,孤單北半球與小火車
109,ICE-193,龍捲風的夜跑部
110,CAT-579,豆花旅人可愛女人
111,MOO-995,陰天慢跑王
112,WOW-672,龍捲風城市探險
113,MIL-477,倔強小火車
114,RUN-397,龍捲風星球計畫
115,ZEN-359,戀曲1990的流浪記
116,LUV-773,藍蓮花海豚號
117,MIL-925,可愛女人浪漫探測器
118,HOP-820,草莓塔聽海
119,TOF-922,我願意豆花旅人
120,WOW-416,奶茶騎士親愛的你
121,TOF-749,慢冷星球計畫
122,LUV-378,我願意慢跑王
123,WAV-893,星晴和慢跑王
124,EPS-240,天天想你夜跑部
125,MOO-381,一個人和冰淇淋
126,OMG-892,孤單北半球與跑跑日記
127,CAT-851,倔強與冰淇淋
128,JOY-489,我願意飯糰
129,TOF-138,散步指南浪人情歌
130,DMT-197,星空和豆花旅人
131,HOP-466,突然好想你和彩虹旅人
132,OMG-269,天天想你的星球計畫
133,MIX-168,溫柔跑跑日記
134,EPS-525,散步指南龍捲風
135,OMG-637,微糖宇航員心太軟
136,FLY-116,星球計畫勇氣
137,JOY-360,旅行的意義的浪漫探測器
138,FLY-223,心太軟城市探險
139,ICE-732,城市探險親愛的你
140,DMT-550,小宇宙聽海
141,SUN-176,城市探險星晴
142,SUN-999,曖昧城市探險
143,LOL-807,龍捲風香蕉船
144,TOF-740,星晴與衝浪隊
145,DMT-807,戀曲1990的散步指南
146,MIX-860,散步指南後來
147,BEA-786,星空浪漫探測器
148,RAM-325,散步指南七里香
149,ABC-541,我願意與香蕉船
150,CBD-143,星晴的豆花號
151,JOY-620,曖昧飯糰
152,JOY-478,雨天與海豚號
153,BEE-510,倔強彩虹旅人
154,ZEN-801,夜跑部後來
155,TOF-108,獨家記憶慢跑王
156,YAY-584,小宇宙曖昧
157,SUN-379,心太軟的星球計畫
158,SUN-233,香蕉船星空
159,CAT-163,愛情轉移夜跑部
160,ZEN-489,我願意流浪記
161,HOP-698,星空和慢跑王
162,BEE-532,一個人浪漫探測器
163,RAM-672,豆花旅人愛情轉移
164,DMT-771,騎士精神仙人掌
165,MIL-456,盛夏光年草莓塔
166,JOY-120,獨家記憶和海豚號
167,POP-993,仙人掌藍蓮花
168,POP-213,彩虹旅人可愛女人
169,RUN-588,龍捲風飯糰
170,DMT-856,流浪記後來
171,DMT-473,天天想你與跑跑日記
172,WOW-109,倔強電音列車
173,OMG-171,衝浪隊不說出口
174,RAM-216,小火車黑色幽默
175,POP-425,天天想你浪漫探測器
176,WAV-863,雨天的星球計畫
177,OMG-957,可愛女人城市探險
178,EPS-126,星球計畫愛很簡單
179,CBD-656,小幸運的冰淇淋
180,LOL-791,仙人掌小幸運
181,SUN-210,倔強和三輪車
182,OMG-275,陰天與豆花旅人
183,ICE-790,浪人情歌彩虹旅人
184,RUN-993,挪威的森林小宇宙
185,SUN-717,三輪車天天想你
186,ABC-492,旅行的意義香蕉船
187,DMT-799,慢冷的彩虹旅人
188,YAY-887,浪漫探測器可愛女人
189,ZEN-906,盛夏光年奶茶騎士
190,SKY-428,獨家記憶的三輪車
191,ABC-280,星空香蕉船
192,ABC-989,流浪記孤單北半球
193,DOG-406,慢跑王愛情轉移
194,BEE-601,小火車最初的地方
195,DOG-673,騎士精神海豚號
196,JAZ-577,紅豆和仙人掌
197,DMT-310,跑跑日記藍蓮花
198,RUN-582,豆花號戀曲1990
199,SKY-236,散步指南小幸運
200,ICE-551,溫柔的仙人掌
201,ZEN-485,天天想你的浪漫探測器
202,RAM-584,冰淇淋愛很簡單
203,MIX-561,陰天和衝浪隊
204,SUN-712,星晴與慢跑王
205,ICE-506,心太軟電音列車
206,WOW-538,後來和草莓塔
207,CBD-588,愛情轉移飯糰
208,MIL-976,飯糰一個人
209,BEA-887,夜跑部雨天
210,SUN-268,旅行的意義電音列車
211,MOO-756,小幸運散步指南
212,DOG-701,戀曲1990和飯糰
213,WOW-917,藍蓮花與豆花號
214,YAY-364,突然好想你香蕉船
215,POP-752,聽海跑跑日記
216,TOF-924,勇氣的小宇宙
217,HOP-869,突然好想你夜跑部
218,MIX-342,三輪車騎士精神
219,MOO-264,你是我的花朵的夜跑部
220,ZEN-109,陰天與海豚號
221,BEE-456,奶茶騎士不說出口
222,FLY-988,紅豆仙人掌
223,CAT-428,飯糰愛很簡單
224,RAM-803,跑跑日記孤單北半球
225,MIX-528,浪漫探測器你是我的花朵
226,ICE-388,星空的仙人掌
227,MIL-432,親愛的你冰淇淋
228,ICE-226,浪人情歌和三輪車
229,WAV-885,孤單北半球和夜跑部
230,LUV-400,星球計畫小幸運
231,DMT-389,雨天的奶茶騎士
232,LOL-247,曖昧的冰淇淋
233,OMG-251,慢跑王聽海
234,JOY-793,孤單北半球與冰淇淋
235,WOW-821,騎士精神與豆花號
236,CAT-421,電音列車你是我的花朵
237,CAT-129,天天想你三輪車
238,RUN-681,雨天小宇宙
239,BEE-238,最初的地方浪漫探測器
240,MIX-191,七里香與浪漫探測器
241,SUN-975,奶茶騎士聽海
242,BEA-717,星晴流浪記
243,FLY-201,我願意奶茶騎士
244,DOG-631,愛情轉移浪漫探測器
245,EPS-719,陰天冰淇淋
246,LUV-157,黑色幽默與流浪記
247,HOP-771,豆花號盛夏光年
248,JAZ-464,海豚號不說出口
249,LOL-872,後來跑跑日記
250,LOL-551,七里香小火車
251,FLY-482,小火車我願意
252,DOG-777,勇氣和三輪車
253,EPS-783,溫柔電音列車
254,BEE-600,星晴星球計畫
255,ABC-894,豆花旅人不說出口
256,MIX-146,小宇宙愛情轉移
257,EPS-273,獨家記憶城市探險
258,MNG-485,雨天和星球計畫
259,ABC-941,不說出口的跑跑日記
260,YAY-175,草莓塔戀曲1990
261,DOG-181,突然好想你電音列車
262,CAT-765,星晴跑跑日記
263,DOG-125,陰天與星球計畫
264,MNG-553,旅行的意義和三輪車
265,DOG-696,親愛的你三輪車
266,OMG-168,突然好想你微糖宇航員
267,JOY-866,城市探險龍捲風
268,JAZ-656,夜跑部雨天
269,MNG-688,我願意微糖宇航員
270,WOW-384,雨天飯糰
271,RAM-303,小火車聽海
272,CAT-679,你是我的花朵與香蕉船
273,RAM-821,奶茶騎士龍捲風
274,RUN-943,小幸運電音列車
275,SKY-724,一個人和星球計畫
276,ZEN-479,七里香與散步指南
277,ABC-132,豆花號突然好想你
278,FLY-489,飯糰獨家記憶
279,MIL-223,小火車曖昧
280,YAY-370,曖昧香蕉船
281,EPS-223,溫柔豆花號
282,DMT-983,挪威的森林流浪記
283,SKY-997,旅行的意義小火車
284,JOY-672,不說出口和豆花旅人
285,LOL-467,紅豆和草莓塔
286,SUN-996,草莓塔星空
287,DMT-909,七里香和豆花旅人
288,CBD-947,海豚號慢冷
289,SKY-999,浪漫探測器龍捲風
290,ABC-575,心太軟流浪記
291,CAT-707,小幸運浪漫探測器
292,WOW-797,浪漫探測器雨天
293,CBD-630,星空奶茶騎士
294,MNG-244,慢冷衝浪隊
295,LUV-945,電音列車七里香
296,ICE-711,衝浪隊天天想你
297,ABC-259,天天想你小火車
298,MIX-313,勇氣的流浪記
299,RUN-330,勇氣冰淇淋
300,RUN-211,愛很簡單與散步指南
